{
  "P_on": 1.4174741506576538,
  "P_off": 0.10000000149011612,
  "G_on": 1.707785962264151e-10,
  "G_off": 1.8265874811320756e-09,
  "G_on_fit": null,
  "G_off_fit": null,
  "alpha_on": 5,
  "alpha_off": 5,
  "v_on": -1.5,
  "v_off": 1.5,
  "k_on": -526.553955078125,
  "k_off": 0.03365534916520119,
  "V_write_pos": null,
  "V_write_neg": null,
  "delta_t": 0.1,
  "sampling_rate": 4096,
  "duty_ratio": 0.2,
  "trans_ratio": null,
  "vinput_pos": null,
  "vinput_neg": null,
  "retention_loss_tau": null,
  "retention_loss_beta": null,
  "sigma_relative": null,
  "sigma_absolute": null,
  "Gon_sigma": 0.15805853002587503,
  "Goff_sigma": 0.03220055248584693,
  "Pon_sigma": 