{
  "P_on": 0.39,
  "P_off": 1.36,
  "G_on": 4.36e-10,
  "G_off": 1.11e-09,
  "alpha_on": 5,
  "alpha_off": 5,
  "v_on": -2,
  "v_off": 2,
  "k_on": -5.2,
  "k_off": 20.8,
  "delta_t": 0.03,
  "trans_ratio": null,
  "vinput_pos": null,
  "vinput_neg": null,
  "retention_loss_tau": null,
  "retention_loss_beta": null,
  "sigma_relative": 0.02702133832242108,
  "sigma_absolute": 0.003932216430218764,
  "Gon_mu": 4.2268358449936463e-10,
  "Goff_mu": 1.0817283407582035e-09,
  "Gon_sigma": 0.07724105746524307,
  "Goff_sigma": 0.06765607608049407,
  "Pon_sigma": 0.11234065965814428,
  "Poff_sigma": 0.1194788643652781,
  "SAF_lambda": null,
  "SAF_ratio": null,
  "SAF_delta": null,
  "Aging_k_on": null,
  "Aging_k_off": null,
  "mem_size": 0.0001
}