{
  "P_on": 0.3319266140460968,
  "P_off": 1.3068702220916748,
  "G_on": 4.32102148778879e-10,
  "G_off": 1.0967436653831248e-09,
  "alpha_on": 5,
  "alpha_off": 5,
  "v_on": -2,
  "v_off": 2,
  "k_on": -16.159088134765625,
  "k_off": 68.18162536621094,
  "V_write_pos": null,
  "V_write_neg": null,
  "delta_t": 0.03,
  "sampling_rate": 4096,
  "duty_ratio": 0.3,
  "trans_ratio": null,
  "vinput_pos": null,
  "vinput_neg": null,
  "retention_loss_tau": 0.01830459036488594,
  "retention_loss_beta": 0.9140729357819155,
  "sigma_relative": 1,
  "sigma_absolute": 1,
  "Gon_sigma": 0.07793786959838185,
  "Goff_sigma": 0.06847393168184353,
  "Pon_sigma": 0.12453660491361168,
  "Poff_sigma": 0.1737213865168443,
  "SAF_lambda": 0.048,
  "SAF_ratio": 0.16666666666666666,
  "SAF_delta": 1.4972674924097012e-07,
  "Aging_on": 0.0007715610829008155,
  "Aging_off": 7.946740877507469e-05,
  "mem_size": 0.0001
}