{
    "P_on": 0.9090909090909091,
    "P_off": 0.9090909090909091,
    "G_on": 1.707785962264151e-10,
    "G_off": 1.8265874811320756e-09,
    "alpha_on": 7,
    "alpha_off": 3,
    "v_on": -1.5,
    "v_off": 1.5,
    "k_on": -281176.8697974231,
    "k_off": 39.06939937054615,
    "v_write_lut": 4,
    "v_read": 0.5,
    "delta_t": 0.0002,
    "sampling_rate": 4096,
    "duty_ratio": 0.5,
    "trans_ratio": null,
    "retention_loss_tau_reciprocal": 0.01411241241712475,
    "retention_loss_beta": 0.9094463861692773,
    "sigma_relative": 0.03310719052746073,
    "sigma_absolute": 0.0430788995629188,
    "Gon_sigma": 0.15805853002587503,
    "Goff_sigma": 0.032200552485846946,
    "Pon_sigma": 0.02013187028524857,
    "Poff_sigma": 0.05671062552410556,
    "SAF_lambda": null,
    "SAF_ratio": null,
    "SAF_delta": null,
    "Aging_on": null,
    "Aging_off": null,
    "mem_size": 350,
    "relax_ratio_col": 1.25,
    "relax_ratio_row": 1.25
  }