{
  "P_on": 0.9409409165382385,
  "P_off": 0.7207207083702087,
  "G_on": 1.707785962264151e-10,
  "G_off": 1.8265874811320756e-09
}