{
  "P_on": 2.1721720695495605,
  "P_off": 0.7107107043266296,
  "G_on": 1.707785962264151e-10,
  "G_off": 1.8265874811320756e-09
}